code,system
G583.11,readv2
G583.00,readv2
G583.12,readv2
G58z.12,readv2
G5y4z00,readv2
Q490.00,readv2
G575100,readv2
G580.11,readv2
G58..11,readv2
Q48y100,readv2
G580300,readv2
8B29.00,readv2
G580200,readv2
G580.12,readv2
G584.00,readv2
G580.13,readv2
G58z.00,readv2
8CMK.00,readv2
G58..00,readv2
G580.00,readv2
14A6.00,readv2
G234.00,readv2
8CeC.00,readv2
1O1..00,readv2
G580100,readv2
G232.00,readv2
8CMW800,readv2
8CL3.00,readv2
G580400,readv2
8H2S.00,readv2
14AM.00,readv2
G58z.11,readv2
G575.11,readv2
585k.00,readv2
G581.13,readv2
33BA.00,readv2
G582.00,readv2
G580000,readv2
G581000,readv2
585f.00,readv2
G5yy900,readv2
G5yyA00,readv2
585g.00,readv2
SP11100,readv2
SP11111,readv2
G581.00,readv2
G580.14,readv2